s_id,s_firstname,s_lastname,s_age,s_country
1,Robin,Mccarthy,30,USA
2,Eloise,Cunningham,35,USA
3,Curtis,Little,18,CAN
4,Maxim,Townsend,22,UK
5,Aiden,Fischer,24,CAN
6,Fleur,Donnelly,24,CAN
7,Grover,Henderson,43,UK
8,Jamie,Charles,30,CAN
9,Harris,Bush,31,CAN
10,Isabella,Stewart,20,UK
11,Caroline,Herbert,18,USA
12,Ayla,Hawkins,25,CAN
13,Rhys,Barber,22,CAN
14,Umar,Jacobs,30,CAN
15,Tilly,Kirk,27,UK
16,Anika,Crawford,27,CAN
17,Kane,Walters,35,USA
18,Margaret,Potter,32,UK
19,Nora,Cox,43,CAN
20,Nicolas,Ochoa,24,CAN
21,Yasin,Farmer,26,CAN
22,Abby,Myers,44,CAN
23,Gerald,Bartlett,34,CAN
24,Kenneth,Wolf,29,UK
25,Charlotte,Whelan,25,CAN
26,Stephen,Harrington,24,CAN
27,Frederick,Robertson,32,CAN
28,Rhea,Morgan,20,CAN
29,Isabel,Stevenson,39,UK
30,Miriam,Sheppard,21,CAN
31,Kitty,Kavanagh,35,USA
32,Alina,Richardson,35,USA
33,Maryam,Steele,29,UK
34,Lowri,Riley,39,USA
35,Sienna,Black,44,UK
36,Haroon,Spence,27,CAN
37,Jac,Burns,18,USA
38,Anna,Jensen,36,UK
39,Khadija,Garner,40,UK
40,Jean,Smith,30,USA
41,Joel,Watson,35,USA
42,Mohamed,Alexander,31,UK
43,Sam,Adams,40,UK
44,Ibrahim,Mitchell,24,UK
45,Jake,Reese,39,CAN
46,Jason,Barnett,21,CAN
47,Bella,Buchanan,36,USA
48,Millie,Nguyen,34,USA
49,Charles,Lovell,20,CAN
50,Frazer,Peters,41,UK
51,Zachary,Thompson,21,UK
52,Farhan,Floyd,40,USA
53,Paige,Barrett,33,UK
54,Nora,Spencer,43,CAN
55,Renee,Zhang,45,CAN
56,Catherine,Peterson,19,UK
57,Vincent,Jenkins,32,CAN
58,Aron,Mathis,27,UK
59,Lawrence,Allen,42,CAN
60,Chelsea,Sparks,20,UK
61,Evangeline,Medina,40,CAN
62,Carl,Simpson,24,USA
63,Ellie,Martinez,38,UK
64,Alec,Conner,38,CAN
65,Polly,Reid,26,UK
66,Frankie,Thomas,44,UK
67,Ismail,Jackson,35,CAN
68,Mitchell,Harper,45,USA
69,Amina,Evans,27,USA
70,Adil,Moore,30,CAN
71,Ayesha,Mendoza,21,UK
72,Rhonda,Pearson,20,USA
73,Daniel,Daniels,28,UK
74,Ava,Ford,24,USA
75,Hasan,Carroll,44,USA
76,Alyssa,Barker,31,CAN
77,Euan,Kay,45,USA
78,Ashley,Olson,38,UK
79,Willie,Lewis,32,USA
80,Esme,Torres,33,CAN
81,Samantha,Sandoval,26,CAN
82,Charley,Manning,38,UK
83,Solomon,Baker,22,USA
84,Ricky,Hodges,29,USA
85,Sally,Dominguez,33,USA
86,Eddie,Osborne,20,CAN
87,Andrew,Reyes,38,CAN
88,Harold,George,20,CAN
89,Jacqueline,Leon,28,USA
90,Ellis,Chapman,22,USA
91,Andre,Griffin,37,CAN
92,Constance,Cameron,36,UK
93,Samuel,Murray,31,USA
94,Roxanne,Bradley,24,UK
95,George,Leonard,24,USA
96,Ted,Mihalcea,19,USA
97,Yahya,Castro,28,UK
98,Amanda,Perez,31,UK
99,Flora,Swigger,31,CAN
100,Aoife,Kiper,23,CAN